sex,age,cp,trestbps,chol,fbs,restecg,thalach,exang,oldpeak,slope,ca,thal,target
0,55.41638225255973,1.030716723549488,133.26962457337885,252.90784982935153,0.13310580204778158,0.6109215017064846,150.63481228668942,0.24232081911262798,0.8064846416382253,1.4368600682593857,0.515358361774744,2.1023890784982937,0.7406143344709898
1,53.733333333333334,0.924822695035461,130.70496453900708,239.3758865248227,0.1574468085106383,0.5049645390070922,149.01418439716312,0.37872340425531914,1.1127659574468085,1.3843971631205674,0.8397163120567376,2.404255319148936,0.425531914893617
