target,age,sex,cp,trestbps,chol,fbs,restecg,thalach,exang,oldpeak,slope,ca,thal
0,56.41164241164241,0.841995841995842,0.501039501039501,133.88149688149687,249.96257796257797,0.1704781704781705,0.4573804573804574,139.7027027027027,0.5550935550935551,1.5214137214137213,1.187110187110187,1.1455301455301454,2.5301455301455302
1,52.195357833655706,0.5802707930367504,1.379110251450677,129.20309477756285,237.19535783365572,0.13152804642166344,0.6092843326885881,158.59574468085106,0.13733075435203096,0.5589941972920697,1.597678916827853,0.3713733075435203,2.11605415860735
