thalach,age,sex,cp,trestbps,chol,fbs,restecg,exang,oldpeak,slope,ca,thal,target
"(90, 110]",60.333333333333336,0.8148148148148148,0.3333333333333333,128.92592592592592,257.48148148148147,0.18518518518518517,0.4444444444444444,0.5925925925925926,1.5148148148148148,0.9074074074074074,1.4074074074074074,2.4814814814814814,0.1111111111111111
"(110, 130]",56.88157894736842,0.6907894736842105,0.5197368421052632,131.26973684210526,234.90131578947367,0.05263157894736842,0.5,0.625,1.6223684210526315,1.144736842105263,0.9144736842105263,2.3552631578947367,0.2894736842105263
"(130, 150]",56.55642023346304,0.7821011673151751,0.8404669260700389,133.5058365758755,245.91439688715954,0.2178988326848249,0.48638132295719844,0.4708171206225681,1.4509727626459143,1.198443579766537,0.9455252918287937,2.4085603112840466,0.3657587548638132
"(150, 170]",54.32153392330383,0.6106194690265486,1.0855457227138643,130.36283185840708,249.0796460176991,0.1504424778761062,0.5663716814159292,0.1976401179941003,0.6194690265486725,1.551622418879056,0.5368731563421829,2.2831858407079646,0.6371681415929203
"(170, 190]",47.51977401129943,0.7457627118644068,1.4519774011299436,130.045197740113,233.05084745762713,0.10734463276836158,0.615819209039548,0.11299435028248588,0.5559322033898305,1.7740112994350283,0.5141242937853108,2.15819209039548,0.8305084745762712
"(190, 210]",38.92307692307692,0.7692307692307693,1.2307692307692308,139.23076923076923,231.92307692307693,0.23076923076923078,0.46153846153846156,0.0,0.34615384615384615,1.5384615384615385,0.23076923076923078,2.4615384615384617,0.7692307692307693
