age,sex,cp,trestbps,chol,fbs,restecg,thalach,exang,oldpeak,slope,ca,thal,target
"(20, 30]",1.0,1.0,130.0,204.0,0.0,0.0,202.0,0.0,0.0,2.0,0.0,2.0,1.0
"(30, 40]",0.734375,1.328125,127.09375,211.03125,0.0,0.796875,166.53125,0.28125,0.8875,1.59375,0.5,2.40625,0.640625
"(40, 50]",0.7246963562753036,0.9919028340080972,124.08097165991903,236.10526315789474,0.08097165991902834,0.582995951417004,157.748987854251,0.22267206477732793,0.6526315789473683,1.4898785425101215,0.38461538461538464,2.210526315789474,0.6720647773279352
"(50, 60]",0.7447795823665894,0.9071925754060325,133.2505800464037,247.9953596287703,0.2088167053364269,0.5127610208816705,147.9141531322506,0.39443155452436196,1.100232018561485,1.3781902552204177,0.7865429234338747,2.3526682134570764,0.4733178654292343
"(60, 70]",0.6508620689655172,0.9008620689655172,137.66810344827587,252.0,0.15517241379310345,0.45689655172413796,139.2543103448276,0.38362068965517243,1.3668103448275863,1.2586206896551724,1.0991379310344827,2.3663793103448274,0.36637931034482757
"(70, 80]",0.15,1.0,126.15,243.6,0.2,0.65,135.15,0.3,0.575,1.65,1.1,2.0,0.85
